{"last_tab":"","logo":{"url":"http:\/\/alexgurghis.com\/themes\/wpjobus\/wp-content\/uploads\/2014\/05\/logo.png","id":"11","height":"70","width":"100","thumbnail":"http:\/\/alexgurghis.com\/themes\/wpjobus\/wp-content\/uploads\/2014\/05\/logo.png"},"stripe-logo":{"url":"http:\/\/alexgurghis.com\/themes\/wpjobus\/wp-content\/uploads\/2014\/07\/logo-stripe.png","id":"613","height":"75","width":"76","thumbnail":"http:\/\/alexgurghis.com\/themes\/wpjobus\/wp-content\/uploads\/2014\/07\/logo-stripe.png"},"favicon":{"url":"http:\/\/alexgurghis.com\/themes\/wpjobus\/wp-content\/uploads\/2014\/06\/favicon.png","id":"203","height":"32","width":"32","thumbnail":"http:\/\/alexgurghis.com\/themes\/wpjobus\/wp-content\/uploads\/2014\/06\/favicon.png"},"homepage-state":"1","job-reject-message":"Your job offer has been rejected.","job-approve-message":"Congratulations! Your job offer has beed approved.","resume-reject-message":"Your resume has been rejected.","resume-approve-message":"Congratulations! Your resume has beed approved.","company-reject-message":"Your company profile has been rejected.","company-approve-message":"Congratulations! Your company profile has beed approved.","map-style":"[\r\n    {\r\n        \"featureType\": \"landscape.natural\",\r\n        \"elementType\": \"geometry.fill\",\r\n        \"stylers\": [\r\n            {\r\n                \"visibility\": \"on\"\r\n            },\r\n            {\r\n                \"color\": \"#e0efef\"\r\n            }\r\n        ]\r\n    },\r\n    {\r\n        \"featureType\": \"poi\",\r\n        \"elementType\": \"geometry.fill\",\r\n        \"stylers\": [\r\n            {\r\n                \"visibility\": \"on\"\r\n            },\r\n            {\r\n                \"hue\": \"#1900ff\"\r\n            },\r\n            {\r\n                \"color\": \"#c0e8e8\"\r\n            }\r\n        ]\r\n    },\r\n    {\r\n        \"featureType\": \"landscape.man_made\",\r\n        \"elementType\": \"geometry.fill\"\r\n    },\r\n    {\r\n        \"featureType\": \"road\",\r\n        \"elementType\": \"geometry\",\r\n        \"stylers\": [\r\n            {\r\n                \"lightness\": 100\r\n            },\r\n            {\r\n                \"visibility\": \"simplified\"\r\n            }\r\n        ]\r\n    },\r\n    {\r\n        \"featureType\": \"road\",\r\n        \"elementType\": \"labels\",\r\n        \"stylers\": [\r\n            {\r\n                \"visibility\": \"off\"\r\n            }\r\n        ]\r\n    },\r\n    {\r\n        \"featureType\": \"water\",\r\n        \"stylers\": [\r\n            {\r\n                \"color\": \"#7dcdcd\"\r\n            }\r\n        ]\r\n    },\r\n    {\r\n        \"featureType\": \"transit.line\",\r\n        \"elementType\": \"geometry\",\r\n        \"stylers\": [\r\n            {\r\n                \"visibility\": \"on\"\r\n            },\r\n            {\r\n                \"lightness\": 700\r\n            }\r\n        ]\r\n    }\r\n]","google_id":"","footer_copyright":"","resume-state":"2","resume-industries":["Informational Technology","Medicine","Agriculture","Marketing","Business Consulting","Production Planning","Quality Management","Government","Insurance","Sales","Transportation","Education","Human Resources","Journalism"],"resume-locations":["New York","San Francisco","Chicago"],"resume_career_level":["Senior","Junior","Middle","Expert"],"job_presence_type":["Remote","Office","Travel a lot"],"job-type":["Freelance","Part Time","Full Time","Internship","Volunteer"],"job-remuneration-per":["Month","Hour","Year","Project"],"stripe-state":"2","stripe-test-secret-key":"sk_test_1lrBRon2M8l8w3zBoFuQscPT","stripe-test-publishable-key":"pk_test_4KayNqPsfd2OwP6ZQEDdOqg0","stripe-live-secret-key":"","stripe-live-publishable-key":"","job-price-symbol":"$","job-regular-price":"50","job-featured-price":"90","job-featured-validity":"1600","company-regular-price":"50","company-featured-price":"90","company-featured-validity":"1600","resume-regular-price":"50","resume-featured-price":"90","resume-featured-validity":"1600","heading1-font":{"font-family":"Roboto Slab","google":"true","font-weight":"700","font-style":"","subsets":"","font-size":"38.5px","line-height":"42px","color":"#484848"},"heading2-font":{"font-family":"Roboto Slab","google":"true","font-weight":"700","font-style":"","subsets":"","font-size":"28px","line-height":"36px","color":"#484848"},"heading3-font":{"font-family":"Roboto Slab","google":"true","font-weight":"","font-style":"","subsets":"","font-size":"24.5px","line-height":"32px","color":"#484848"},"heading4-font":{"font-family":"Roboto Slab","google":"true","font-weight":"","font-style":"","subsets":"","font-size":"17.5px","line-height":"24px","color":"#484848"},"heading5-font":{"font-family":"Roboto Slab","google":"true","font-weight":"","font-style":"","subsets":"","font-size":"14px","line-height":"20px","color":"#484848"},"heading6-font":{"font-family":"Roboto Slab","google":"true","font-weight":"","font-style":"","subsets":"","font-size":"11.9px","line-height":"16px","color":"#484848"},"body-font":{"font-family":"Montserrat","google":"true","font-weight":"400","font-style":"","subsets":"latin","font-size":"12px","line-height":"24px","color":"#484848"},"opt-colors":"0","color-main":"#a52b2f","color-main-hover":"#92262a","color-second":"#4a5a95","color-second-hover":"#3a487b","facebook-link":"https:\/\/www.facebook.com\/alex.gurghis","twitter-link":"https:\/\/twitter.com\/agurghis","dribbble-link":"https:\/\/dribbble.com\/alexgurghis","flickr-link":"","github-link":"","pinterest-link":"","youtube-link":"","google-plus-link":"https:\/\/plus.google.com\/+AlexGurghis","linkedin-link":"","tumblr-link":"","vimeo-link":"","contact-email":"agurghis@gmail.com","contact-address":"Chisinau, Rep of Moldova","contact-phone":"+373 123 4567-890","contact-linkedin":"https:\/\/www.facebook.com\/alex.gurghis","contact-twitter":"https:\/\/twitter.com\/agurghis","contact-googleplus":"https:\/\/www.facebook.com\/alex.gurghis","contact-facebook":"https:\/\/www.facebook.com\/alex.gurghis","contact-email-error":"No email, no message.","contact-name-error":"Come on, you have a name don\u2019t you?","contact-message-error":"You have to write something to send this form.","contact-test-error":"Sorry, wrong answer!","contact-thankyou-message":"Thank you! We will get back to you as soon as possible.","contact-latitude":"47.0107","contact-longitude":"28.86869999999999","contact-zoom":"12","REDUX_imported":false,"raw_new_info":"","REDUX_last_saved":1405693612,"redux-backup":"1"}