{"footer-one":{"nav_menu-2":{"title":"Useful Links","nav_menu":3}},"footer-two":{"nav_menu-3":{"title":"Follow Us","nav_menu":4}},"footer-three":{"text-2":{"title":"About WPJobus","text":"Lorem ipsum dolor sit amet, consectetur adipisicing elit, sed do eiusmod tempor incididunt ut labore et dolore magna aliqua. \r\n\r\nUt enim ad minim veniam, quis nostrud exercitation ullamco laboris nisi ut aliquip ex ea commodo consequat.","filter":true}},"footer-four":{"text-3":{"title":"Newsletter","text":"<p>Sign me up for the newsletter!<\/p>\r\n\r\n[mc4wp_form]","filter":false}},"pages":{"categories-2":{"title":"Categories","count":0,"hierarchical":0,"dropdown":0},"recent-posts-2":{"title":"Recent Posts","number":5,"show_date":false},"recent-comments-2":{"title":"Recent Comments","number":5}},"blog":{"search-2":{"title":""},"categories-3":{"title":"Categories","count":0,"hierarchical":0,"dropdown":0},"archives-2":{"title":"Archives","count":0,"dropdown":0},"recent-comments-3":{"title":"Recent Comments","number":5}}}